{"model_created":true,"alpha":0.003371822491076204,"betta":0.0063869285587473956,"gamma":0.0055409587765944956,"slen":0}