{"model_created":true,"alpha":0.012992478815489594,"betta":0.0010536054995048949,"gamma":0.027145811673052744,"season_len":26}