{"model_created":true,"alpha":0.0096271405339787286,"betta":0.017624631794556533,"gamma":0.045332459833035244,"season_len":4}