{"model_created":true,"alpha":0.012721894513284593,"betta":0.010806055366232747,"gamma":0.00043837965439419424,"slen":0}