{"model_created":true,"alpha":0.016828954106945515,"betta":0.011802223999934303,"gamma":0.030891275164581788,"slen":0}