{"model_created":true,"alpha":0.015185117740352749,"betta":0.039969483860559818,"gamma":0.00032261942527406218,"slen":0}