{"model_created":true,"alpha":0.0028947104177322602,"betta":0.00024300238548402575,"gamma":1.918495636243911E-06,"season_len":4}