{"alpha":1,"betta":0.0037422615944656679,"gamma":3.5026426203899064E-12}