{"Name":"S01N00145U001N01D0035N01PAI____PI00","CreatedDate":"2020-06-07T17:47:08.4468877+03:00","TypeModel":0,"ModelParamData":{"Name":null,"model_created":true,"alpha":0.017797741231032949,"betta":0.025395046434454727,"gamma":2.9478092228307773E-07,"season_len":4}}