{"Name":null,"model_created":true,"alpha":0.022673602712519336,"betta":0.010932704887603673,"gamma":0.00056265288954082671,"season_len":4}