{"Name":"S01N00145U001N01D0035N01PAI____PI00","CreatedDate":"2020-06-06T18:46:30.5212648+03:00","TypeModel":0,"ModelParamData":{"Name":null,"model_created":true,"alpha":0.030170014820499136,"betta":0.064298655112762004,"gamma":0.10608064901040459,"season_len":4}}