{"Name":null,"model_created":true,"alpha":0.030170014820499136,"betta":0.064298655112762004,"gamma":0.10608064901040459,"season_len":4}