{"Name":null,"model_created":true,"alpha":0.006837116558639722,"betta":0.0053042505342238422,"gamma":0.0015655445378646715,"season_len":4}