{"Name":null,"model_created":true,"alpha":0.009240899498733024,"betta":0.01168367858493724,"gamma":0.030729903477268838,"season_len":3}