{"Name":null,"model_created":true,"alpha":0.024097883785714536,"betta":0.014506974264374195,"gamma":0.0083787947566913989,"season_len":4}