{"Name":null,"model_created":true,"alpha":0.0051343631040506321,"betta":0.0064375912834691018,"gamma":0.0066229536335268846,"season_len":4}